-- phpMyAdmin SQL Dump
-- version 4.8.5
-- https://www.phpmyadmin.net/
--
-- Servidor: 127.0.0.1
-- Tiempo de generación: 29-04-2019 a las 02:57:28
-- Versión del servidor: 10.1.38-MariaDB
-- Versión de PHP: 7.1.26

SET SQL_MODE = "NO_AUTO_VALUE_ON_ZERO";
SET AUTOCOMMIT = 0;
START TRANSACTION;
SET time_zone = "+00:00";


/*!40101 SET @OLD_CHARACTER_SET_CLIENT=@@CHARACTER_SET_CLIENT */;
/*!40101 SET @OLD_CHARACTER_SET_RESULTS=@@CHARACTER_SET_RESULTS */;
/*!40101 SET @OLD_COLLATION_CONNECTION=@@COLLATION_CONNECTION */;
/*!40101 SET NAMES utf8mb4 */;

--
-- Base de datos: `tienda`
--

-- --------------------------------------------------------

--
-- Estructura de tabla para la tabla `admins`
--

CREATE TABLE `admins` (
  `id` int(11) NOT NULL,
  `username` varchar(255) NOT NULL,
  `password` varchar(255) NOT NULL,
  `name` varchar(255) NOT NULL
) ENGINE=InnoDB DEFAULT CHARSET=latin1;

--
-- Volcado de datos para la tabla `admins`
--

INSERT INTO `admins` (`id`, `username`, `password`, `name`) VALUES
(2, 'Buendia98', '12345', 'Buendia'),
(3, 'Flamenco92', '123987', 'oscar');

-- --------------------------------------------------------

--
-- Estructura de tabla para la tabla `carro`
--

CREATE TABLE `carro` (
  `id` int(11) NOT NULL,
  `id_cliente` int(11) NOT NULL,
  `id_producto` int(11) NOT NULL,
  `cant` int(11) NOT NULL
) ENGINE=InnoDB DEFAULT CHARSET=latin1;

-- --------------------------------------------------------

--
-- Estructura de tabla para la tabla `categorias`
--

CREATE TABLE `categorias` (
  `id_categoria` int(11) NOT NULL,
  `categoria` varchar(255) NOT NULL
) ENGINE=InnoDB DEFAULT CHARSET=latin1;

--
-- Volcado de datos para la tabla `categorias`
--

INSERT INTO `categorias` (`id_categoria`, `categoria`) VALUES
(1, 'Free to Play'),
(2, 'Accion'),
(3, 'Aventura'),
(4, 'Casual'),
(5, 'Deportes'),
(6, 'Estrategia');

-- --------------------------------------------------------

--
-- Estructura de tabla para la tabla `clientes`
--

CREATE TABLE `clientes` (
  `id` int(11) NOT NULL,
  `username` varchar(255) NOT NULL,
  `password` varchar(255) NOT NULL,
  `name` varchar(255) NOT NULL
) ENGINE=InnoDB DEFAULT CHARSET=latin1;

--
-- Volcado de datos para la tabla `clientes`
--

INSERT INTO `clientes` (`id`, `username`, `password`, `name`) VALUES
(1, 'Baires96', '125', 'Baires'),
(2, 'Buendia98', '12345', 'Buendia'),
(3, 'Flamenco92', '123987', 'oscar'),
(4, 'Jandres', '98765', 'Jandres');

-- --------------------------------------------------------

--
-- Estructura de tabla para la tabla `compra`
--

CREATE TABLE `compra` (
  `id` int(11) NOT NULL,
  `id_cliente` int(11) NOT NULL,
  `fecha` datetime NOT NULL,
  `monto` float NOT NULL,
  `estado` int(11) NOT NULL
) ENGINE=InnoDB DEFAULT CHARSET=latin1;

--
-- Volcado de datos para la tabla `compra`
--

INSERT INTO `compra` (`id`, `id_cliente`, `fecha`, `monto`, `estado`) VALUES
(3, 1, '2019-02-24 12:39:04', 16400, 1),
(10, 2, '2019-04-26 04:15:13', 60, 0),
(12, 1, '2019-04-26 10:12:51', 40, 2);

-- --------------------------------------------------------

--
-- Estructura de tabla para la tabla `productos`
--

CREATE TABLE `productos` (
  `id` int(11) NOT NULL,
  `price` float NOT NULL,
  `imagen` varchar(255) NOT NULL,
  `name` varchar(255) NOT NULL,
  `id_categoria` int(11) NOT NULL,
  `oferta` int(11) NOT NULL,
  `descargable` varchar(255) NOT NULL
) ENGINE=InnoDB DEFAULT CHARSET=latin1;

--
-- Volcado de datos para la tabla `productos`
--

INSERT INTO `productos` (`id`, `price`, `imagen`, `name`, `id_categoria`, `oferta`, `descargable`) VALUES
(9, 50, 'NBA19155.png', 'NBA19', 5, 0, ''),
(10, 43, 'FIFA19784.png', 'FIFA19', 5, 0, ''),
(11, 30, 'MADDEN19142.png', 'MADDEN19', 5, 0, ''),
(12, 0, 'Fortnite440.png', 'Fortnite', 1, 0, ''),
(13, 0, 'League of Legends254.png', 'League of Legends', 1, 0, ''),
(14, 0, 'PUBG212.png', 'PUBG', 1, 0, ''),
(15, 30, 'Minecraft860.png', 'Minecraft', 3, 0, ''),
(16, 25, 'Dungeons644.png', 'Dungeons', 4, 0, ''),
(17, 10, 'Pacman618.png', 'Pacman', 4, 0, ''),
(18, 20, 'Angry Bird232.png', 'Angry Bird', 4, 0, ''),
(19, 60, 'God of War 4705.png', 'God of War 4', 2, 0, ''),
(20, 60, 'Tomb Rider579.png', 'Tomb Rider', 3, 0, ''),
(21, 20, 'The Walking Dead579.png', 'The Walking Dead', 3, 0, ''),
(22, 50, 'Alien326.png', 'Alien', 2, 50, ''),
(29, 40, 'Doom846.png', 'Doom', 2, 0, '');

-- --------------------------------------------------------

--
-- Estructura de tabla para la tabla `productos_compra`
--

CREATE TABLE `productos_compra` (
  `id` int(11) NOT NULL,
  `id_compra` int(11) NOT NULL,
  `id_producto` int(11) NOT NULL,
  `cantidad` int(11) NOT NULL,
  `monto` float NOT NULL
) ENGINE=InnoDB DEFAULT CHARSET=latin1;

--
-- Volcado de datos para la tabla `productos_compra`
--

INSERT INTO `productos_compra` (`id`, `id_compra`, `id_producto`, `cantidad`, `monto`) VALUES
(1, 3, 5, 7, 400),
(2, 3, 4, 4, 1000),
(3, 3, 3, 4, 1200),
(4, 3, 2, 4, 200),
(5, 3, 1, 4, 1000),
(13, 10, 19, 1, 60),
(14, 12, 29, 1, 40);

--
-- Índices para tablas volcadas
--

--
-- Indices de la tabla `admins`
--
ALTER TABLE `admins`
  ADD PRIMARY KEY (`id`);

--
-- Indices de la tabla `carro`
--
ALTER TABLE `carro`
  ADD PRIMARY KEY (`id`);

--
-- Indices de la tabla `clientes`
--
ALTER TABLE `clientes`
  ADD PRIMARY KEY (`id`);

--
-- Indices de la tabla `compra`
--
ALTER TABLE `compra`
  ADD PRIMARY KEY (`id`);

--
-- Indices de la tabla `productos`
--
ALTER TABLE `productos`
  ADD PRIMARY KEY (`id`);

--
-- Indices de la tabla `productos_compra`
--
ALTER TABLE `productos_compra`
  ADD PRIMARY KEY (`id`);

--
-- AUTO_INCREMENT de las tablas volcadas
--

--
-- AUTO_INCREMENT de la tabla `admins`
--
ALTER TABLE `admins`
  MODIFY `id` int(11) NOT NULL AUTO_INCREMENT, AUTO_INCREMENT=4;

--
-- AUTO_INCREMENT de la tabla `carro`
--
ALTER TABLE `carro`
  MODIFY `id` int(11) NOT NULL AUTO_INCREMENT;

--
-- AUTO_INCREMENT de la tabla `clientes`
--
ALTER TABLE `clientes`
  MODIFY `id` int(11) NOT NULL AUTO_INCREMENT, AUTO_INCREMENT=5;

--
-- AUTO_INCREMENT de la tabla `compra`
--
ALTER TABLE `compra`
  MODIFY `id` int(11) NOT NULL AUTO_INCREMENT, AUTO_INCREMENT=13;

--
-- AUTO_INCREMENT de la tabla `productos`
--
ALTER TABLE `productos`
  MODIFY `id` int(11) NOT NULL AUTO_INCREMENT, AUTO_INCREMENT=30;

--
-- AUTO_INCREMENT de la tabla `productos_compra`
--
ALTER TABLE `productos_compra`
  MODIFY `id` int(11) NOT NULL AUTO_INCREMENT, AUTO_INCREMENT=15;
COMMIT;

/*!40101 SET CHARACTER_SET_CLIENT=@OLD_CHARACTER_SET_CLIENT */;
/*!40101 SET CHARACTER_SET_RESULTS=@OLD_CHARACTER_SET_RESULTS */;
/*!40101 SET COLLATION_CONNECTION=@OLD_COLLATION_CONNECTION */;
